timestamp,blocknumber,txhash,txindex,logindex,txfrom,txto,txvalue,gas_price,gas_used
1573680153,8928674,0x6fdf3780edf0f25cd63658089ee8b99ede6de002d45ad2679b4e4762ba637c88,5,21,0x0000000000000000000000000000000000000000,0xb93f14636678d680dcbbed20c77f2b6220b52c39,0,10500000000,527598
1573681503,8928776,0xacb58d76bf55b3fb1bb46baf6bd784c95cd22fd3d39d148fc77d2303deb2bdd0,146,184,0x0000000000000000000000000000000000000000,0xe9c245293dac615c11a5bf26fcec91c3617645e4,0,10400000000,563641
1573682872,8928858,0x03fa1df874381210015181649dbf10f868905b2ad7e90837d96dab9bd7de6f9e,38,78,0x0000000000000000000000000000000000000000,0x0c472a1e184056bb5198c2de27dd59c69cd28a22,0,10400000000,548651
1573682942,8928860,0x240f70803d5c88d90c50eba8329e17041a950e3ecb3fc2cc6960582d26dffc68,45,52,0x0000000000000000000000000000000000000000,0x0c472a1e184056bb5198c2de27dd59c69cd28a22,0,10400000000,512162
1573683004,8928867,0x32ded39ded923b9eb5234cb9b64a4a37ba04edab146014bfcd917f5a6ef6945a,40,54,0x0000000000000000000000000000000000000000,0x8d138c01765483cb79d787ce5933f609cbfdabcf,0,10400000000,547781
1573683026,8928869,0x2b96840874b9290c9ec05f34bbd3ede9d3f5a53de8fa469008c419c798f60e53,0,16,0x0000000000000000000000000000000000000000,0x8d138c01765483cb79d787ce5933f609cbfdabcf,0,10400000000,511818
1573683050,8928870,0xf83de16eb2c778541f423ed1a8cd7be0c8c2c50924a22ff7a623741376c65580,87,113,0x0000000000000000000000000000000000000000,0x8d138c01765483cb79d787ce5933f609cbfdabcf,0,10400000000,511703
1573683560,8928903,0x448ce6b71dd80f5284e3172cfd595d0ca6df7894a8b9cb29011f8e623f445d70,15,26,0x0000000000000000000000000000000000000000,0x030db690ae3f11bcd52c7134341fa473e2532971,0,3000000000,548642
1573683776,8928919,0x8fcbd725cfce3ac074ffd30888db2837a98e8da3f60f35452d40b2cff3defd6e,40,62,0x0000000000000000000000000000000000000000,0xa467c1766a2ab1647e3d61e8c593c1d27ac04edb,0,10000000000,573548
